opName	keyin	kind	requiredParams	source	notes
DWG_SETTINGS_OPEN	DWG SETTINGS OPEN	dialog		wave8 dwg/pw/ifc	Bentley Help: Open DWG Settings File dialog; optional filename
DWG_SETTINGS_SAVEAS	DWG SETTINGS SAVEAS	dialog		wave8 dwg/pw/ifc	Bentley Help: save DWG options to .dws; optional FILENAME
DWG_UNITS	DWG UNITS	dialog		wave8 dwg/pw/ifc	Bentley Communities KB: Design Center units for open DWG
DWG_WORKMODE_ON	DWG WORKMODE ON	settings		wave8 dwg/pw/ifc	uncertain; usually MS_WORKMODE=DWG
DWG_WORKMODE_OFF	DWG WORKMODE OFF	settings		wave8 dwg/pw/ifc	uncertain
SET_DWG_AXISLOCK_FROM_ORTHOMODE_ON	SET DWG AXISLOCK FROM ORTHOMODE ON	settings		wave8 dwg/pw/ifc	uncertain; MS_DWG_AXISLOCK_FROM_ORTHOMODE
SET_DWG_AXISLOCK_FROM_ORTHOMODE_OFF	SET DWG AXISLOCK FROM ORTHOMODE OFF	settings		wave8 dwg/pw/ifc	uncertain
SET_DWG_DISCARD_INVALID_ON	SET DWG DISCARD INVALID ON	settings		wave8 dwg/pw/ifc	uncertain; MS_DWG_DISCARD_INVALID
SET_DWG_DISCARD_INVALID_OFF	SET DWG DISCARD INVALID OFF	settings		wave8 dwg/pw/ifc	uncertain
SET_DWG_ATTRIBUTE_AS_TAG_ON	SET DWG ATTRIBUTE AS TAG ON	settings		wave8 dwg/pw/ifc	uncertain; MS_DWG_ATTRIBUTE_AS_TAG
SET_DWG_ATTRIBUTE_AS_TAG_OFF	SET DWG ATTRIBUTE AS TAG OFF	settings		wave8 dwg/pw/ifc	uncertain
SET_DWG_GRAPHIC_GROUP_ATTRIBUTES_ON	SET DWG GRAPHIC GROUP ATTRIBUTES ON	settings		wave8 dwg/pw/ifc	uncertain; MS_DWG_GRAPHIC_GROUP_ATTRIBUTES
SET_DWG_GRAPHIC_GROUP_ATTRIBUTES_OFF	SET DWG GRAPHIC GROUP ATTRIBUTES OFF	settings		wave8 dwg/pw/ifc	uncertain
SET_DWG_MAP_XREF_NAMES_ON	SET DWG MAP XREF NAMES ON	settings		wave8 dwg/pw/ifc	uncertain; Map Logical Names to XRef Block Names
SET_DWG_MAP_XREF_NAMES_OFF	SET DWG MAP XREF NAMES OFF	settings		wave8 dwg/pw/ifc	uncertain
SET_DWG_SEED_GLOBAL_ORIGIN_ON	SET DWG SEED GLOBAL ORIGIN ON	settings		wave8 dwg/pw/ifc	uncertain; Use Seed File Global Origin
SET_DWG_SEED_GLOBAL_ORIGIN_OFF	SET DWG SEED GLOBAL ORIGIN OFF	settings		wave8 dwg/pw/ifc	uncertain
SET_DWG_REFERENCE_CONVERT_ON	SET DWG REFERENCE CONVERT ON	settings		wave8 dwg/pw/ifc	uncertain; MS_DWG_REFERENCE_CONVERT
SET_DWG_REFERENCE_CONVERT_OFF	SET DWG REFERENCE CONVERT OFF	settings		wave8 dwg/pw/ifc	uncertain
SET_DWG_PRESERVE_SETTINGS_ON	SET DWG PRESERVE SETTINGS ON	settings		wave8 dwg/pw/ifc	uncertain; Preserve MicroStation Settings
SET_DWG_PRESERVE_SETTINGS_OFF	SET DWG PRESERVE SETTINGS OFF	settings		wave8 dwg/pw/ifc	uncertain
SET_DWG_LEVEL_OVERRIDES_ON	SET DWG LEVEL OVERRIDES ON	settings		wave8 dwg/pw/ifc	uncertain; Use Level Symbology Overrides
SET_DWG_LEVEL_OVERRIDES_OFF	SET DWG LEVEL OVERRIDES OFF	settings		wave8 dwg/pw/ifc	uncertain
SET_DWG_DROP_LINESTYLES_ON	SET DWG DROP LINESTYLES ON	settings		wave8 dwg/pw/ifc	uncertain; Drop Unsupported LineStyles
SET_DWG_DROP_LINESTYLES_OFF	SET DWG DROP LINESTYLES OFF	settings		wave8 dwg/pw/ifc	uncertain
SET_DWG_DROP_DIMENSIONS_ON	SET DWG DROP DIMENSIONS ON	settings		wave8 dwg/pw/ifc	uncertain; Drop Unsupported Dimensions
SET_DWG_DROP_DIMENSIONS_OFF	SET DWG DROP DIMENSIONS OFF	settings		wave8 dwg/pw/ifc	uncertain
SET_DWG_TRUE_COLOR_ON	SET DWG TRUE COLOR ON	settings		wave8 dwg/pw/ifc	uncertain; Create True Color From DGN Color Indices
SET_DWG_TRUE_COLOR_OFF	SET DWG TRUE COLOR OFF	settings		wave8 dwg/pw/ifc	uncertain
SET_DWG_UCS_FROM_ACS_ON	SET DWG UCS FROM ACS ON	settings		wave8 dwg/pw/ifc	uncertain; Set UCS from Current ACS
SET_DWG_UCS_FROM_ACS_OFF	SET DWG UCS FROM ACS OFF	settings		wave8 dwg/pw/ifc	uncertain
SET_DWG_FORCE_ZERO_Z_ON	SET DWG FORCE ZERO Z ON	settings		wave8 dwg/pw/ifc	uncertain; Force Zero Z-Coordinate
SET_DWG_FORCE_ZERO_Z_OFF	SET DWG FORCE ZERO Z OFF	settings		wave8 dwg/pw/ifc	uncertain
SET_DWG_APPLICATION_DATA_ON	SET DWG APPLICATION DATA ON	settings		wave8 dwg/pw/ifc	uncertain; Save Application Data
SET_DWG_APPLICATION_DATA_OFF	SET DWG APPLICATION DATA OFF	settings		wave8 dwg/pw/ifc	uncertain
SET_DWG_EXPORT_EMPTY_ITEMTYPES_ON	SET DWG EXPORT EMPTY ITEMTYPES ON	settings		wave8 dwg/pw/ifc	uncertain; MS_DWG_EXPORT_EMPTYITEMTYPEPROPERTIES
SET_DWG_EXPORT_EMPTY_ITEMTYPES_OFF	SET DWG EXPORT EMPTY ITEMTYPES OFF	settings		wave8 dwg/pw/ifc	uncertain
REFERENCE_SET_IGNOREWHENNESTING_ON	REFERENCE SET IGNOREWHENNESTING=ON	settings		wave8 dwg/pw/ifc	Bentley Help REFERENCE SET; DWG live nesting
REFERENCE_SET_IGNOREWHENNESTING_OFF	REFERENCE SET IGNOREWHENNESTING=OFF	settings		wave8 dwg/pw/ifc	may need file_spec
SET_DWG_PROXYGRAPHICS_ON	SET DWG PROXYGRAPHICS ON	settings		wave8 dwg/pw/ifc	uncertain; MS_DWG_PROXYSHOW pattern
SET_DWG_PROXYGRAPHICS_OFF	SET DWG PROXYGRAPHICS OFF	settings		wave8 dwg/pw/ifc	uncertain
SET_DWG_PROXY_IMAGE_ON	SET DWG PROXY IMAGE ON	settings		wave8 dwg/pw/ifc	uncertain; Show Proxy Image
SET_DWG_PROXY_BOX_ON	SET DWG PROXY BOX ON	settings		wave8 dwg/pw/ifc	uncertain; Show Proxy Box
SET_DWG_ENTITY_HANDLES_ON	SET DWG ENTITY HANDLES ON	settings		wave8 dwg/pw/ifc	uncertain; DWG entity handle persistence
SET_DWG_ENTITY_HANDLES_OFF	SET DWG ENTITY HANDLES OFF	settings		wave8 dwg/pw/ifc	uncertain
SET_DWG_OLELINKS_ON	SET DWG OLELINKS ON	settings		wave8 dwg/pw/ifc	uncertain; DWG OLE link round-trip
SET_DWG_OLELINKS_OFF	SET DWG OLELINKS OFF	settings		wave8 dwg/pw/ifc	uncertain
SET_OLE_DISPLAY_ON	SET OLE DISPLAY ON	view		wave8 dwg/pw/ifc	uncertain; OLE object display toggle
SET_OLE_DISPLAY_OFF	SET OLE DISPLAY OFF	view		wave8 dwg/pw/ifc	uncertain
TITLEBLOCK_UPDATENOW	TITLEBLOCK UPDATENOW	settings		wave8 dwg/pw/ifc	Bentley PW Help: refresh titleblock attrs from PW DB
TITLEBLOCK_UPDATEDMS	TITLEBLOCK UPDATEDMS	settings		wave8 dwg/pw/ifc	Bentley PW Help: push edited tags to PW DB
DMS_REF_RELOAD	DMS REF RELOAD	dialog		wave8 dwg/pw/ifc	Bentley PW Help: may open Select Documents to Reload
IFC_DISPLAY_ON	IFC DISPLAY ON	settings		wave8 dwg/pw/ifc	uncertain; IFC attach/display toggle
IFC_DISPLAY_OFF	IFC DISPLAY OFF	settings		wave8 dwg/pw/ifc	uncertain
SET_IFC_ON	SET IFC ON	settings		wave8 dwg/pw/ifc	uncertain
SET_IFC_OFF	SET IFC OFF	settings		wave8 dwg/pw/ifc	uncertain
BIM_DISPLAY_ON	BIM DISPLAY ON	settings		wave8 dwg/pw/ifc	uncertain
BIM_DISPLAY_OFF	BIM DISPLAY OFF	settings		wave8 dwg/pw/ifc	uncertain
SET_BIM_ON	SET BIM ON	settings		wave8 dwg/pw/ifc	uncertain
SET_BIM_OFF	SET BIM OFF	settings		wave8 dwg/pw/ifc	uncertain
SET_SHARECELL_ON	SET SHARECELL ON	settings		wave8 dwg/pw/ifc	Bentley Help Cell Library Dialog
SET_SHARECELL_OFF	SET SHARECELL OFF	settings		wave8 dwg/pw/ifc	Bentley Help
SET_SHARECELL_TOGGLE	SET SHARECELL TOGGLE	settings		wave8 dwg/pw/ifc	Bentley Help SET SHARECELL TOGGLE
DGNLIB_UPDATE_LEVELS	DGNLIB UPDATE LEVELS	settings		wave8 dwg/pw/ifc	Bentley Help: sync levels from DGNLIB
DGNLIB_UPDATE_LEVELS_ALL	DGNLIB UPDATE LEVELS ALL	settings		wave8 dwg/pw/ifc	Bentley Help Level Manager
DGNLIB_UPDATE_LEVELS_BYLEVELSYMBOLOGY	DGNLIB UPDATE LEVELS BYLEVELSYMBOLOGY	settings		wave8 dwg/pw/ifc	Bentley Help
DGNLIB_UPDATE_LEVELS_OVERRIDESYMBOLOGY	DGNLIB UPDATE LEVELS OVERRIDESYMBOLOGY	settings		wave8 dwg/pw/ifc	Bentley Help
DGNLIB_UPDATE_TEXTSTYLES	DGNLIB UPDATE TEXTSTYLES	settings		wave8 dwg/pw/ifc	Bentley Help Building DGN Libraries
DGNLIB_UPDATE_DIMSTYLES	DGNLIB UPDATE DIMSTYLES	settings		wave8 dwg/pw/ifc	Bentley Help Building DGN Libraries
DGNLIB_UPDATE_MLINESTYLES	DGNLIB UPDATE MLINESTYLES	settings		wave8 dwg/pw/ifc	Bentley Help Building DGN Libraries
DGNLIB_UPDATE_DETAILINGSYMBOLSTYLES	DGNLIB UPDATE DETAILINGSYMBOLSTYLES	settings		wave8 dwg/pw/ifc	Bentley Help Building DGN Libraries
DGNLIB_UPDATE_TEMPLATES	DGNLIB UPDATE TEMPLATES	settings		wave8 dwg/pw/ifc	Bentley Help Building DGN Libraries
DGNLIB_UPDATE_ALL	DGNLIB UPDATE ALL	settings		wave8 dwg/pw/ifc	Bentley Help; all listed DGNLIB resource types
ACTIVE_CELL_RELATIVE_OFF	ACTIVE CELL RELATIVE OFF	settings		wave8 dwg/pw/ifc	cell relative placement
OLECNTR_EDIT	OLECNTR EDIT	dialog		wave8 dwg/pw/ifc	negative; Bentley Help Links dialog
OLECNTR_INSERT	OLECNTR INSERT	dialog		wave8 dwg/pw/ifc	negative; Bentley Help Insert Object
TITLEBLOCK_MODIFY	TITLEBLOCK MODIFY	dialog		wave8 dwg/pw/ifc	negative; PW Document Properties
TITLEBLOCK_PLACE	TITLEBLOCK PLACE	tool		wave8 dwg/pw/ifc	negative; places titleblock cell
DMS_OPEN_DOCUMENT	DMS OPEN DOCUMENT	file		wave8 dwg/pw/ifc	negative never probe; PW File>Open
DMS_UPDATE_SERVERCOPY	DMS UPDATE SERVERCOPY	file		wave8 dwg/pw/ifc	negative; Update Server Copy
DMS_REFRESH_LOCALCOPY	DMS REFRESH LOCALCOPY	file		wave8 dwg/pw/ifc	negative; Refresh Local Copy
IFC_EXPORTBYITWIN	IFC EXPORTBYITWIN	file		wave8 dwg/pw/ifc	negative; Bentley IFC export by iTwin
IFCOUT	IFCOUT	file		wave8 dwg/pw/ifc	negative; IFC export family
ATTACH_LIBRARY_DIALOG	ATTACH LIBRARY	file		wave8 dwg/pw/ifc	negative; attach cell library dialog risk
MARKUP_SHOWPREVIEW	MARKUP SHOWPREVIEW	settings		wave8 markup/export	docs Markups dialog; may need selection
MARKUP_HIDEPREVIEW	MARKUP HIDEPREVIEW	settings		wave8 markup/export	
MARKUP_REVIEWMODE	MARKUP REVIEWMODE	settings		wave8 markup/export	overlay review mode
ACTIVE_LINKAGE_NONE	ACTIVE LINKAGE NONE	settings		wave8 markup/export	Database Dialog linkage mode
ACTIVE_LINKAGE_NEW	ACTIVE LINKAGE NEW	settings		wave8 markup/export	
ACTIVE_LINKAGE_DUPLICATE	ACTIVE LINKAGE DUPLICATE	settings		wave8 markup/export	
ACTIVE_LINKAGE_INFORMATION	ACTIVE LINKAGE INFORMATION	settings		wave8 markup/export	
FORMS_ON	FORMS ON	settings		wave8 markup/export	database screen forms
FORMS_OFF	FORMS OFF	settings		wave8 markup/export	
SET_CONFIRM_ON	SET CONFIRM ON	settings		wave8 markup/export	confirm rows when attaching
SET_CONFIRM_OFF	SET CONFIRM OFF	settings		wave8 markup/export	
SET_DELETE_ON	SET DELETE ON	settings		wave8 markup/export	linked-row delete preference — not element delete
SET_DELETE_OFF	SET DELETE OFF	settings		wave8 markup/export	
PRINT_PLOTTO3D_ON	PRINT PLOTTO3D ON	settings		wave8 markup/export	Print Dialog PDF 3D option
PRINT_PLOTTO3D_OFF	PRINT PLOTTO3D OFF	settings		wave8 markup/export	
PRINT_AUTOCENTER_ON	PRINT AUTOCENTER ON	settings		wave8 markup/export	docs PRINT AUTOCENTER
PRINT_AUTOCENTER_OFF	PRINT AUTOCENTER OFF	settings		wave8 markup/export	
PRINT_ATTRIBUTES_BORDER_ON	PRINT ATTRIBUTES BORDER ON	settings		wave8 markup/export	docs Print Dialog key-ins
PRINT_ATTRIBUTES_BORDER_OFF	PRINT ATTRIBUTES BORDER OFF	settings		wave8 markup/export	
PRINT_ATTRIBUTES_BROKENASSOCSYMB_ON	PRINT ATTRIBUTES BROKENASSOCSYMB ON	settings		wave8 markup/export	
PRINT_ATTRIBUTES_BROKENASSOCSYMB_OFF	PRINT ATTRIBUTES BROKENASSOCSYMB OFF	settings		wave8 markup/export	
PRINT_ATTRIBUTES_TAGS_ON	PRINT ATTRIBUTES TAGS ON	settings		wave8 markup/export	print attribute — not tag place
PRINT_ATTRIBUTES_TAGS_OFF	PRINT ATTRIBUTES TAGS OFF	settings		wave8 markup/export	
EXPORT_VISIBLE_EDGES_ON	EXPORT VISIBLE EDGES ON	settings		wave8 markup/export	option flag only — not file export execute
EXPORT_VISIBLE_EDGES_OFF	EXPORT VISIBLE EDGES OFF	settings		wave8 markup/export	
SET_EXPORT_2D_ON	SET EXPORT 2D ON	settings		wave8 markup/export	export option toggle
SET_EXPORT_2D_OFF	SET EXPORT 2D OFF	settings		wave8 markup/export	
ANIMATION_PREVIEW_ON	ANIMATION PREVIEW ON	settings		wave8 markup/export	
ANIMATION_PREVIEW_OFF	ANIMATION PREVIEW OFF	settings		wave8 markup/export	
SET_TAG_DISPLAY_ON	SET TAG DISPLAY ON	settings		wave8 markup/export	tag display extras
SET_TAG_DISPLAY_OFF	SET TAG DISPLAY OFF	settings		wave8 markup/export	
SET_ACSDISPLAY_ON	SET ACSDISPLAY ON	settings		wave8 markup/export	docs ACS triad display
SET_ACSDISPLAY_OFF	SET ACSDISPLAY OFF	settings		wave8 markup/export	
COORDINATE_READOUT_UOR	COORDINATE READOUT UOR	settings		wave8 markup/export	
WORKSET_PROPERTIES_REFRESH	WORKSET PROPERTIES REFRESH	settings		wave8 markup/export	refresh only — not assign/create
MARKUP_DIALOG_OPEN	MARKUP DIALOG OPEN	dialog		wave8 markup/export	negative — dialog manager
DIALOG_PROJECTWISE	DIALOG PROJECTWISE	dialog		wave8 markup/export	negative ProjectWise
PROJECTWISE_CHECKOUT	PROJECTWISE CHECKOUT	file		wave8 markup/export	negative never probe
RASTER_SNAP_ON	RASTER SNAP ON	settings		wave8 raster/reality	raster snappable
RASTER_SNAP_OFF	RASTER SNAP OFF	settings		wave8 raster/reality	
RASTER_INVERT_ON	RASTER INVERT ON	settings		wave8 raster/reality	monochrome invert
RASTER_INVERT_OFF	RASTER INVERT OFF	settings		wave8 raster/reality	
SET_RASTER_INVERT_ON	SET RASTER INVERT ON	settings		wave8 raster/reality	
SET_RASTER_INVERT_OFF	SET RASTER INVERT OFF	settings		wave8 raster/reality	
SET_RASTER_TRANSPARENCY_ON	SET RASTER TRANSPARENCY ON	settings		wave8 raster/reality	
SET_RASTER_TRANSPARENCY_OFF	SET RASTER TRANSPARENCY OFF	settings		wave8 raster/reality	
RASTER_PRIORITY_0	RASTER PRIORITY 0	settings		wave8 raster/reality	display priority
RASTER_PRIORITY_100	RASTER PRIORITY 100	settings		wave8 raster/reality	
SET_RASTER_PRIORITY_0	SET RASTER PRIORITY 0	settings		wave8 raster/reality	
SET_RASTER_PRIORITY_100	SET RASTER PRIORITY 100	settings		wave8 raster/reality	
RASTER_PRINT_ON	RASTER PRINT ON	settings		wave8 raster/reality	print flag
RASTER_PRINT_OFF	RASTER PRINT OFF	settings		wave8 raster/reality	
RASTER_LOCATE_ON	RASTER LOCATE ON	settings		wave8 raster/reality	
RASTER_LOCATE_OFF	RASTER LOCATE OFF	settings		wave8 raster/reality	
POINT_CLOUD_DISPLAY_ON	POINT CLOUD DISPLAY ON	view		wave8 raster/reality	spaced form
POINT_CLOUD_DISPLAY_OFF	POINT CLOUD DISPLAY OFF	view		wave8 raster/reality	
SET_POINT_CLOUD_ON	SET POINT CLOUD ON	settings		wave8 raster/reality	
SET_POINT_CLOUD_OFF	SET POINT CLOUD OFF	settings		wave8 raster/reality	
POINTCLOUD_SNAP_ON	POINTCLOUD SNAP ON	settings		wave8 raster/reality	
POINTCLOUD_SNAP_OFF	POINTCLOUD SNAP OFF	settings		wave8 raster/reality	
POINT_CLOUD_SNAP_ON	POINT CLOUD SNAP ON	settings		wave8 raster/reality	
POINT_CLOUD_SNAP_OFF	POINT CLOUD SNAP OFF	settings		wave8 raster/reality	
POINTCLOUD_LOCATE_ON	POINTCLOUD LOCATE ON	settings		wave8 raster/reality	
POINTCLOUD_LOCATE_OFF	POINTCLOUD LOCATE OFF	settings		wave8 raster/reality	
POINTCLOUD_DENSITY_10	POINTCLOUD DENSITY 10	settings		wave8 raster/reality	documented low (1-100)
POINTCLOUD_DENSITY_60	POINTCLOUD DENSITY 60	settings		wave8 raster/reality	documented medium
POINTCLOUD_DENSITY_100	POINTCLOUD DENSITY 100	settings		wave8 raster/reality	documented high
POINT_CLOUD_DENSITY_10	POINT CLOUD DENSITY 10	settings		wave8 raster/reality	spaced density
POINT_CLOUD_DENSITY_60	POINT CLOUD DENSITY 60	settings		wave8 raster/reality	
POINT_CLOUD_DENSITY_100	POINT CLOUD DENSITY 100	settings		wave8 raster/reality	
SET_POINTCLOUD_DENSITY_HIGH	SET POINTCLOUD DENSITY HIGH	settings		wave8 raster/reality	named density
SET_POINTCLOUD_DENSITY_MEDIUM	SET POINTCLOUD DENSITY MEDIUM	settings		wave8 raster/reality	
SET_POINTCLOUD_DENSITY_LOW	SET POINTCLOUD DENSITY LOW	settings		wave8 raster/reality	
POINT_CLOUD_COLOR_BY_RGB	POINT CLOUD COLOR BY RGB	settings		wave8 raster/reality	stylization
POINT_CLOUD_COLOR_BY_INTENSITY	POINT CLOUD COLOR BY INTENSITY	settings		wave8 raster/reality	
POINT_CLOUD_COLOR_BY_ELEVATION	POINT CLOUD COLOR BY ELEVATION	settings		wave8 raster/reality	
POINT_CLOUD_COLOR_BY_CLASSIFICATION	POINT CLOUD COLOR BY CLASSIFICATION	settings		wave8 raster/reality	
POINT_CLOUD_CLASSIFICATION_ON	POINT CLOUD CLASSIFICATION ON	settings		wave8 raster/reality	
POINT_CLOUD_CLASSIFICATION_OFF	POINT CLOUD CLASSIFICATION OFF	settings		wave8 raster/reality	
POINTCLOUD_STYLIZATION_RGB	POINTCLOUD STYLIZATION RGB	settings		wave8 raster/reality	alt stylization token
POINTCLOUD_STYLIZATION_INTENSITY	POINTCLOUD STYLIZATION INTENSITY	settings		wave8 raster/reality	
POINTCLOUD_ANCHORED_ON	POINTCLOUD ANCHORED ON	settings		wave8 raster/reality	
POINTCLOUD_ANCHORED_OFF	POINTCLOUD ANCHORED OFF	settings		wave8 raster/reality	
REALITY_MESH_DISPLAY_ON	REALITY MESH DISPLAY ON	view		wave8 raster/reality	spaced form
REALITY_MESH_DISPLAY_OFF	REALITY MESH DISPLAY OFF	view		wave8 raster/reality	
SET_REALITY_MESH_ON	SET REALITY MESH ON	settings		wave8 raster/reality	
SET_REALITY_MESH_OFF	SET REALITY MESH OFF	settings		wave8 raster/reality	
REALITY_MESH_SNAP_ON	REALITY MESH SNAP ON	settings		wave8 raster/reality	
REALITY_MESH_SNAP_OFF	REALITY MESH SNAP OFF	settings		wave8 raster/reality	
REALITY_MESH_LOCATE_ON	REALITY MESH LOCATE ON	settings		wave8 raster/reality	
REALITY_MESH_LOCATE_OFF	REALITY MESH LOCATE OFF	settings		wave8 raster/reality	
REALITY_MESH_TRANSPARENCY_ON	REALITY MESH TRANSPARENCY ON	settings		wave8 raster/reality	
REALITY_MESH_TRANSPARENCY_OFF	REALITY MESH TRANSPARENCY OFF	settings		wave8 raster/reality	
SET_MESH_FACETS_ON	SET MESH FACETS ON	settings		wave8 raster/reality	facets (not FACET EDGES)
SET_MESH_FACETS_OFF	SET MESH FACETS OFF	settings		wave8 raster/reality	
MESH_FACETS_ON	MESH FACETS ON	view		wave8 raster/reality	
MESH_FACETS_OFF	MESH FACETS OFF	view		wave8 raster/reality	
FEATURE_SOLID_DISPLAY_ON	FEATURE SOLID DISPLAY ON	view		wave8 raster/reality	
FEATURE_SOLID_DISPLAY_OFF	FEATURE SOLID DISPLAY OFF	view		wave8 raster/reality	
SET_FEATURE_SOLIDS_ON	SET FEATURE SOLIDS ON	settings		wave8 raster/reality	
SET_FEATURE_SOLIDS_OFF	SET FEATURE SOLIDS OFF	settings		wave8 raster/reality	
SET_FEATURE_SOLID_ON	SET FEATURE SOLID ON	settings		wave8 raster/reality	
SET_FEATURE_SOLID_OFF	SET FEATURE SOLID OFF	settings		wave8 raster/reality	
POINTCLOUD_DIALOG_OPEN	POINTCLOUD DIALOG OPEN	dialog		wave8 raster/reality	negative — documented dialog key-in
MRMESH_DIALOG_OPEN	MRMESH DIALOG OPEN	dialog		wave8 raster/reality	negative — Reality Mesh dialog
MRMESH_ATTACH	MRMESH ATTACH	file		wave8 raster/reality	negative — documented attach
PLACE_RASTER_BOUNDARY	PLACE RASTER BOUNDARY	tool		wave8 raster/reality	negative — placement tool
CLIP_POINTCLOUD	CLIP POINTCLOUD	tool		wave8 raster/reality	negative — clip tool needs pick
DISPLAYSET_ADD	DISPLAYSET ADD	settings		wave8 seed	may need selection; probe OK vs hang
DISPLAYSET_REMOVE	DISPLAYSET REMOVE	settings		wave8 seed	
DISPLAYSET_INVERT	DISPLAYSET INVERT	settings		wave8 seed	
NAMED_GROUP_HILITE_ON	NAMED GROUP HILITE ON	settings		wave8 seed	
NAMED_GROUP_HILITE_OFF	NAMED GROUP HILITE OFF	settings		wave8 seed	
ELEMENT_TEMPLATE_ACTIVE_BYLEVEL	ELEMENT TEMPLATE ACTIVE BYLEVEL	settings		wave8 seed	element templates sparse
ELEMENT_TEMPLATE_ACTIVE_BYCOLOR	ELEMENT TEMPLATE ACTIVE BYCOLOR	settings		wave8 seed	
ELEMENT_TEMPLATE_ACTIVE_BYWEIGHT	ELEMENT TEMPLATE ACTIVE BYWEIGHT	settings		wave8 seed	
ELEMENT_TEMPLATE_ACTIVE_BYSTYLE	ELEMENT TEMPLATE ACTIVE BYSTYLE	settings		wave8 seed	
ELEMENT_TEMPLATE_ACTIVE_BYCLASS	ELEMENT TEMPLATE ACTIVE BYCLASS	settings		wave8 seed	
ELEMENT_TEMPLATE_ACTIVE_BYTRANSPARENCY	ELEMENT TEMPLATE ACTIVE BYTRANSPARENCY	settings		wave8 seed	
ELEMENT_TEMPLATE_ACTIVE_BYPRIORITY	ELEMENT TEMPLATE ACTIVE BYPRIORITY	settings		wave8 seed	
SET_ELEMENT_TEMPLATE_ON	SET ELEMENT TEMPLATE ON	settings		wave8 seed	
SET_ELEMENT_TEMPLATE_OFF	SET ELEMENT TEMPLATE OFF	settings		wave8 seed	
DWG_SAVE_ON	DWG SAVE ON	settings		wave8 seed	DWG settings sparse
DWG_SAVE_OFF	DWG SAVE OFF	settings		wave8 seed	
SHARED_CELL_DISPLAY_ON	SHARED CELL DISPLAY ON	settings		wave8 seed	
SHARED_CELL_DISPLAY_OFF	SHARED CELL DISPLAY OFF	settings		wave8 seed	
SET_SHARED_CELL_OVERRIDE_ON	SET SHARED CELL OVERRIDE ON	settings		wave8 seed	
SET_SHARED_CELL_OVERRIDE_OFF	SET SHARED CELL OVERRIDE OFF	settings		wave8 seed	
SET_ANIMATION_ON	SET ANIMATION ON	settings		wave8 seed	
SET_ANIMATION_OFF	SET ANIMATION OFF	settings		wave8 seed	
CAMERA_ON	CAMERA ON	view		wave8 seed	
CAMERA_OFF	CAMERA OFF	view		wave8 seed	
SET_CAMERA_ANGLE	SET CAMERA ANGLE	settings		wave8 seed	may need value
SET_CAMERA_POSITION	SET CAMERA POSITION	settings		wave8 seed	
MATERIAL_DISPLAY_ON	MATERIAL DISPLAY ON	settings		wave8 seed	
MATERIAL_DISPLAY_OFF	MATERIAL DISPLAY OFF	settings		wave8 seed	
SET_MATERIAL_ON	SET MATERIAL ON	settings		wave8 seed	
SET_MATERIAL_OFF	SET MATERIAL OFF	settings		wave8 seed	
DATABASE_LINKAGE_ON	DATABASE LINKAGE ON	settings		wave8 seed	
DATABASE_LINKAGE_OFF	DATABASE LINKAGE OFF	settings		wave8 seed	
REPORT_DISPLAY_ON	REPORT DISPLAY ON	settings		wave8 seed	
REPORT_DISPLAY_OFF	REPORT DISPLAY OFF	settings		wave8 seed	
SET_WORKSET_ON	SET WORKSET ON	settings		wave8 seed	
SET_WORKSET_OFF	SET WORKSET OFF	settings		wave8 seed	
WORKSPACE_PREFS_SAVE	WORKSPACE PREFS SAVE	settings		wave8 seed	file-ish risk — kind may reclass
SECTION_CALLLOUTS_ON	SECTION CALLOUTS ON	settings		wave8 seed	
SECTION_CALLOUTS_OFF	SECTION CALLOUTS OFF	settings		wave8 seed	
DETAIL_CALLOUTS_ON	DETAIL CALLOUTS ON	settings		wave8 seed	
DETAIL_CALLOUTS_OFF	DETAIL CALLOUTS OFF	settings		wave8 seed	
NAMED_BOUNDARY_DISPLAY_ON	NAMED BOUNDARY DISPLAY ON	settings		wave8 seed	
NAMED_BOUNDARY_DISPLAY_OFF	NAMED BOUNDARY DISPLAY OFF	settings		wave8 seed	
CLIP_VOLUME_DISPLAY_ON	CLIP VOLUME DISPLAY ON	settings		wave8 seed	
CLIP_VOLUME_DISPLAY_OFF	CLIP VOLUME DISPLAY OFF	settings		wave8 seed	
CLIP_MASK_DISPLAY_ON	CLIP MASK DISPLAY ON	settings		wave8 seed	
CLIP_MASK_DISPLAY_OFF	CLIP MASK DISPLAY OFF	settings		wave8 seed	
SET_CLIP_VOLUME_ON	SET CLIP VOLUME ON	settings		wave8 seed	
SET_CLIP_VOLUME_OFF	SET CLIP VOLUME OFF	settings		wave8 seed	
VIEW_DISPLAYSET_ON	VIEW DISPLAYSET ON	view		wave8 seed	
VIEW_DISPLAYSET_OFF	VIEW DISPLAYSET OFF	view		wave8 seed	
VIEW_NAMEDGROUP_ON	VIEW NAMEDGROUP ON	view		wave8 seed	
VIEW_NAMEDGROUP_OFF	VIEW NAMEDGROUP OFF	view		wave8 seed	
VIEW_TRANSPARENCY_ON	VIEW TRANSPARENCY ON	view		wave8 seed	
VIEW_TRANSPARENCY_OFF	VIEW TRANSPARENCY OFF	view		wave8 seed	
ACTIVE_TRANSPARENCY_50	ACTIVE TRANSPARENCY 50	settings		wave8 seed	
ACTIVE_PRIORITY_100	ACTIVE PRIORITY 100	settings		wave8 seed	
SET_PRIORITY_ON	SET PRIORITY ON	settings		wave8 seed	
SET_PRIORITY_OFF	SET PRIORITY OFF	settings		wave8 seed	
SET_CLASS_ON	SET CLASS ON	settings		wave8 seed	
SET_CLASS_OFF	SET CLASS OFF	settings		wave8 seed	
UOR_READOUT_ON	UOR READOUT ON	settings		wave8 seed	
UOR_READOUT_OFF	UOR READOUT OFF	settings		wave8 seed	
SET_INPUT_FOCUS_HOME	SET INPUT FOCUS HOME	settings		wave8 seed	
SET_INPUT_FOCUS_KEYIN	SET INPUT FOCUS KEYIN	settings		wave8 seed	
DIGITIZER_ON	DIGITIZER ON	lock		wave8 seed	
DIGITIZER_OFF	DIGITIZER OFF	lock		wave8 seed	
LOCK_DIGITIZER_ON	LOCK DIGITIZER ON	lock		wave8 seed	
LOCK_DIGITIZER_OFF	LOCK DIGITIZER OFF	lock		wave8 seed	
PARAMETRIC_UPDATE_ON	PARAMETRIC UPDATE ON	settings		wave8 seed	
PARAMETRIC_UPDATE_OFF	PARAMETRIC UPDATE OFF	settings		wave8 seed	
CONSTRAINTS_DISPLAY_ON	CONSTRAINTS DISPLAY ON	settings		wave8 seed	
CONSTRAINTS_DISPLAY_OFF	CONSTRAINTS DISPLAY OFF	settings		wave8 seed	
VARIABLES_DISPLAY_ON	VARIABLES DISPLAY ON	settings		wave8 seed	
VARIABLES_DISPLAY_OFF	VARIABLES DISPLAY OFF	settings		wave8 seed	
SAVED_VIEW_APPLY_LEVELS_ON	SAVED VIEW APPLY LEVELS ON	settings		wave8 seed	
SAVED_VIEW_APPLY_LEVELS_OFF	SAVED VIEW APPLY LEVELS OFF	settings		wave8 seed	
SAVED_VIEW_APPLY_CLIP_ON	SAVED VIEW APPLY CLIP ON	settings		wave8 seed	
SAVED_VIEW_APPLY_CLIP_OFF	SAVED VIEW APPLY CLIP OFF	settings		wave8 seed	
VIEW_GROUP_APPLY_ON	VIEW GROUP APPLY ON	view		wave8 seed	
VIEW_GROUP_APPLY_OFF	VIEW GROUP APPLY OFF	view		wave8 seed	
SHEET_INDEX_DISPLAY_ON	SHEET INDEX DISPLAY ON	settings		wave8 seed	
SHEET_INDEX_DISPLAY_OFF	SHEET INDEX DISPLAY OFF	settings		wave8 seed	
ANNOTATION_SCALE_LOCK_ON	ANNOTATION SCALE LOCK ON	lock		wave8 seed	
LOCK_ANNOTATION_SCALE_ON	LOCK ANNOTATION SCALE ON	lock		wave8 seed	
LOCK_ANNOTATION_SCALE_OFF	LOCK ANNOTATION SCALE OFF	lock		wave8 seed	
ACTIVE_ANNOTATION_SCALE_FULL_SIZE	ACTIVE ANNOTATION SCALE FULL SIZE	settings		wave8 seed	
ACTIVE_ANNOTATION_SCALE_1_10	ACTIVE ANNOTATION SCALE 1:10	settings		wave8 seed	
ACTIVE_ANNOTATION_SCALE_1_20	ACTIVE ANNOTATION SCALE 1:20	settings		wave8 seed	
ACTIVE_ANNOTATION_SCALE_1_50	ACTIVE ANNOTATION SCALE 1:50	settings		wave8 seed	
TEXT_STYLE_OVERRIDE_ON	TEXT STYLE OVERRIDE ON	settings		wave8 seed	
TEXT_STYLE_OVERRIDE_OFF	TEXT STYLE OVERRIDE OFF	settings		wave8 seed	
DIMENSION_STYLE_OVERRIDE_ON	DIMENSION STYLE OVERRIDE ON	settings		wave8 seed	
DIMENSION_STYLE_OVERRIDE_OFF	DIMENSION STYLE OVERRIDE OFF	settings		wave8 seed	
SET_ASSOCIATION_ON	SET ASSOCIATION ON	settings		wave8 seed	
SET_ASSOCIATION_OFF	SET ASSOCIATION OFF	settings		wave8 seed	
FENCE_CLIP_MODE_INSIDE	FENCE CLIP MODE INSIDE	settings		wave8 seed	
FENCE_CLIP_MODE_OUTSIDE	FENCE CLIP MODE OUTSIDE	settings		wave8 seed	
FENCE_CLIP_MODE_OVERLAP	FENCE CLIP MODE OVERLAP	settings		wave8 seed	
FENCE_CLIP_MODE_CLIP	FENCE CLIP MODE CLIP	settings		wave8 seed	
SET_FENCE_CLIP_ON	SET FENCE CLIP ON	settings		wave8 seed	
SET_FENCE_CLIP_OFF	SET FENCE CLIP OFF	settings		wave8 seed	
REFERENCE_NESTING_DISPLAY_ON	REFERENCE NESTING DISPLAY ON	settings		wave8 seed	
REFERENCE_NESTING_DISPLAY_OFF	REFERENCE NESTING DISPLAY OFF	settings		wave8 seed	
REFERENCE_BOUNDARIES_ON	REFERENCE BOUNDARIES ON	settings		wave8 seed	
REFERENCE_BOUNDARIES_OFF	REFERENCE BOUNDARIES OFF	settings		wave8 seed	
LEVEL_OVERRIDE_SYMBOLOGY_ON	LEVEL OVERRIDE SYMBOLOGY ON	settings		wave8 seed	
LEVEL_OVERRIDE_SYMBOLOGY_OFF	LEVEL OVERRIDE SYMBOLOGY OFF	settings		wave8 seed	
ACCUDRAW_COORDINATE_SYSTEM_RECTANGULAR	ACCUDRAW COORDINATE SYSTEM RECTANGULAR	settings		wave8 seed	
ACCUDRAW_COORDINATE_SYSTEM_POLAR	ACCUDRAW COORDINATE SYSTEM POLAR	settings		wave8 seed	
ACCUDRAW_COORDINATE_SYSTEM_CYLINDRICAL	ACCUDRAW COORDINATE SYSTEM CYLINDRICAL	settings		wave8 seed	
ACCUDRAW_COORDINATE_SYSTEM_SPHERICAL	ACCUDRAW COORDINATE SYSTEM SPHERICAL	settings		wave8 seed	
ACTIVE_PATTERN_CELL_SCALE_1	ACTIVE PATTERN CELL SCALE 1	settings		wave8 seed	
PDF_EMBED_FONTS_ON	PDF EMBED FONTS ON	settings		wave8 seed	
PDF_EMBED_FONTS_OFF	PDF EMBED FONTS OFF	settings		wave8 seed	
PDF_LAYERS_ON	PDF LAYERS ON	settings		wave8 seed	
PDF_LAYERS_OFF	PDF LAYERS OFF	settings		wave8 seed	
PRINT_BROKEN_ASSOCIATIONS_ON	PRINT BROKEN ASSOCIATIONS ON	settings		wave8 seed	
PRINT_BROKEN_ASSOCIATIONS_OFF	PRINT BROKEN ASSOCIATIONS OFF	settings		wave8 seed	
PUBLISHDGN_RIGHT_CLICK_MENU_ON	PUBLISHDGN RIGHT CLICK MENU ON	settings		wave8 seed	
PUBLISHDGN_RIGHT_CLICK_MENU_OFF	PUBLISHDGN RIGHT CLICK MENU OFF	settings		wave8 seed	
PLACE_LINE_CONSTRAINED	PLACE LINE CONSTRAINED	tool		wave8 seed	negative control
PLACE_SHAPE_CONSTRAINED	PLACE SHAPE CONSTRAINED	tool		wave8 seed	negative
DIALOG_ELEMENT_TEMPLATES	DIALOG ELEMENT TEMPLATES	dialog		wave8 seed	negative
DIALOG_NAMED_GROUPS	DIALOG NAMED GROUPS	dialog		wave8 seed	negative
DIALOG_DISPLAYSET	DIALOG DISPLAYSET	dialog		wave8 seed	negative
DIALOG_ITEM_TYPES	DIALOG ITEM TYPES	dialog		wave8 seed	negative
FILEOPEN	FILEOPEN	file		wave8 seed	negative
SAVE_DESIGN_AS	SAVE DESIGN AS	file		wave8 seed	negative
PROJECTWISE_CHECKIN	PROJECTWISE CHECKIN	file		wave8 seed	negative
IFC_IMPORT	IFC IMPORT	file		wave8 seed	negative
DWG_EXPORT	DWG EXPORT	file		wave8 seed	negative
DWG_IMPORT	DWG IMPORT	file		wave8 seed	negative
LOCK_TEMPLATEASSOCIATION_ON	LOCK TEMPLATEASSOCIATION ON	lock		wave8 templates/groups	docs: Element Template Association lock
LOCK_TEMPLATEASSOCIATION_OFF	LOCK TEMPLATEASSOCIATION OFF	lock		wave8 templates/groups	docs: unlock template association
LOCK_TEMPLATEASSOCIATION_TOGGLE	LOCK TEMPLATEASSOCIATION TOGGLE	lock		wave8 templates/groups	toggle association lock
TEMPLATE_ACTIVE	TEMPLATE ACTIVE {group\name}	settings	group\name	wave8 templates/groups	docs: TEMPLATE ACTIVE TemplateGroup\TemplateName
TEMPLATE_APPLY	TEMPLATE APPLY	settings		wave8 templates/groups	apply active template to selection
TEMPLATE_CLEAR	TEMPLATE CLEAR	settings		wave8 templates/groups	clear active element template
TEMPLATE_OVERRIDE_ON	TEMPLATE OVERRIDE ON	settings		wave8 templates/groups	allow attribute overrides vs template
TEMPLATE_OVERRIDE_OFF	TEMPLATE OVERRIDE OFF	settings		wave8 templates/groups	
ELEMENT_TEMPLATE_APPLY	ELEMENT TEMPLATE APPLY	settings		wave8 templates/groups	apply template symbology to elements
ELEMENT_TEMPLATE_CLEAR	ELEMENT TEMPLATE CLEAR	settings		wave8 templates/groups	clear active template association
ELEMENT_TEMPLATE_LOCK_ON	ELEMENT TEMPLATE LOCK ON	lock		wave8 templates/groups	alt association lock spelling
ELEMENT_TEMPLATE_LOCK_OFF	ELEMENT TEMPLATE LOCK OFF	lock		wave8 templates/groups	
ELEMENT_TEMPLATE_ACTIVE_BYLEVEL_ON	ELEMENT TEMPLATE ACTIVE BYLEVEL ON	settings		wave8 templates/groups	active bylevel from template
ELEMENT_TEMPLATE_ACTIVE_BYLEVEL_OFF	ELEMENT TEMPLATE ACTIVE BYLEVEL OFF	settings		wave8 templates/groups	
ELEMENT_TEMPLATE_ACTIVE_BYCOLOR_ON	ELEMENT TEMPLATE ACTIVE BYCOLOR ON	settings		wave8 templates/groups	
ELEMENT_TEMPLATE_ACTIVE_BYCOLOR_OFF	ELEMENT TEMPLATE ACTIVE BYCOLOR OFF	settings		wave8 templates/groups	
ELEMENT_TEMPLATE_ACTIVE_BYWEIGHT_ON	ELEMENT TEMPLATE ACTIVE BYWEIGHT ON	settings		wave8 templates/groups	
ELEMENT_TEMPLATE_ACTIVE_BYWEIGHT_OFF	ELEMENT TEMPLATE ACTIVE BYWEIGHT OFF	settings		wave8 templates/groups	
ELEMENT_TEMPLATE_ACTIVE_BYSTYLE_ON	ELEMENT TEMPLATE ACTIVE BYSTYLE ON	settings		wave8 templates/groups	
ELEMENT_TEMPLATE_ACTIVE_BYSTYLE_OFF	ELEMENT TEMPLATE ACTIVE BYSTYLE OFF	settings		wave8 templates/groups	
ELEMENT_TEMPLATE_OVERRIDE_LEVEL_ON	ELEMENT TEMPLATE OVERRIDE LEVEL ON	settings		wave8 templates/groups	override level from template
ELEMENT_TEMPLATE_OVERRIDE_LEVEL_OFF	ELEMENT TEMPLATE OVERRIDE LEVEL OFF	settings		wave8 templates/groups	
ELEMENT_TEMPLATE_OVERRIDE_COLOR_ON	ELEMENT TEMPLATE OVERRIDE COLOR ON	settings		wave8 templates/groups	
ELEMENT_TEMPLATE_OVERRIDE_COLOR_OFF	ELEMENT TEMPLATE OVERRIDE COLOR OFF	settings		wave8 templates/groups	
ELEMENT_TEMPLATE_OVERRIDE_WEIGHT_ON	ELEMENT TEMPLATE OVERRIDE WEIGHT ON	settings		wave8 templates/groups	
ELEMENT_TEMPLATE_OVERRIDE_WEIGHT_OFF	ELEMENT TEMPLATE OVERRIDE WEIGHT OFF	settings		wave8 templates/groups	
NAMED_GROUP_HILITE_TOGGLE	NAMED GROUP HILITE TOGGLE	settings		wave8 templates/groups	toggle named group hilite
NAMED_GROUP_SELECT	NAMED GROUP SELECT	settings		wave8 templates/groups	add group members to selection
NAMED_GROUP_ADD_TO_SELECTION	NAMED GROUP ADD TO SELECTION	settings		wave8 templates/groups	Named Groups dialog Add to Selection
NAMED_GROUP_REMOVE_FROM_SELECTION	NAMED GROUP REMOVE FROM SELECTION	settings		wave8 templates/groups	
NAMED_GROUP_SET_DISPLAYSET	NAMED GROUP SET DISPLAYSET	settings		wave8 templates/groups	put named group into displayset
NAMED_GROUP_ADD_TO_DISPLAYSET	NAMED GROUP ADD TO DISPLAYSET	settings		wave8 templates/groups	
NAMED_GROUP_REMOVE_FROM_DISPLAYSET	NAMED GROUP REMOVE FROM DISPLAYSET	settings		wave8 templates/groups	
SET_NAMEDGROUP_DISPLAY_ON	SET NAMEDGROUP DISPLAY ON	view		wave8 templates/groups	view-attr style named group display
SET_NAMEDGROUP_DISPLAY_OFF	SET NAMEDGROUP DISPLAY OFF	view		wave8 templates/groups	
SELECT_BYNAMEDGROUP	SELECT BYNAMEDGROUP {name}	settings	name	wave8 templates/groups	docs: SELECT BYNAMEDGROUP
SET_DISPLAYSET_ON	SET DISPLAYSET ON	view		wave8 templates/groups	docs: SET DISPLAYSET ON|OFF|TOGGLE
SET_DISPLAYSET_OFF	SET DISPLAYSET OFF	view		wave8 templates/groups	
SET_DISPLAYSET_TOGGLE	SET DISPLAYSET TOGGLE	view		wave8 templates/groups	
DISPLAYSET_SET	DISPLAYSET SET	settings		wave8 templates/groups	isolate selection as displayset
DISPLAYSET_ISOLATE	DISPLAYSET ISOLATE	settings		wave8 templates/groups	isolate synonym candidate
DISPLAYSET_ADD_SELECTION	DISPLAYSET ADD SELECTION	settings		wave8 templates/groups	community: displayset add selection
DISPLAYSET_REMOVE_SELECTION	DISPLAYSET REMOVE SELECTION	settings		wave8 templates/groups	community: displayset remove selection
DISPLAYSET_ADD_FENCE	DISPLAYSET ADD FENCE	settings		wave8 templates/groups	add fence contents to displayset
DISPLAYSET_FROM_NAMEDGROUP	DISPLAYSET FROM NAMEDGROUP	settings		wave8 templates/groups	build displayset from named group
VIEW_CLIP_VISIBLE_ON	VIEW CLIP VISIBLE ON	view		wave8 templates/groups	docs: VIEW CLIP VISIBLE ON|OFF|TOGGLE
VIEW_CLIP_VISIBLE_OFF	VIEW CLIP VISIBLE OFF	view		wave8 templates/groups	show/hide clip volume element
VIEW_CLIP_VISIBLE_TOGGLE	VIEW CLIP VISIBLE TOGGLE	view		wave8 templates/groups	
VIEW_CLIP_CLEAR	VIEW CLIP CLEAR	view		wave8 templates/groups	docs: clear clip volume from view
SET_CLIPVOLUME_TOGGLE	SET CLIPVOLUME TOGGLE	view		wave8 templates/groups	
CLIP_MASK_CLEAR	CLIP MASK CLEAR	view		wave8 templates/groups	clear clip mask from view
CLIP_MASK_APPLY_ON	CLIP MASK APPLY ON	view		wave8 templates/groups	enable applied clip mask
CLIP_MASK_APPLY_OFF	CLIP MASK APPLY OFF	view		wave8 templates/groups	
VIEW_MASK_VISIBLE_ON	VIEW MASK VISIBLE ON	view		wave8 templates/groups	show/hide clip mask element
VIEW_MASK_VISIBLE_OFF	VIEW MASK VISIBLE OFF	view		wave8 templates/groups	
SET_CLIPMASK_ON	SET CLIPMASK ON	view		wave8 templates/groups	view attribute clip mask toggle
SET_CLIPMASK_OFF	SET CLIPMASK OFF	view		wave8 templates/groups	
NAMED_BOUNDARY_HILITE_ON	NAMED BOUNDARY HILITE ON	settings		wave8 templates/groups	hilite named boundaries in view
NAMED_BOUNDARY_HILITE_OFF	NAMED BOUNDARY HILITE OFF	settings		wave8 templates/groups	
DRAWINGBOUNDARY_HILITEALL_ON	DRAWINGBOUNDARY HILITEALL ON	settings		wave8 templates/groups	docs: highlight all drawing boundaries
DRAWINGBOUNDARY_HILITEALL_OFF	DRAWINGBOUNDARY HILITEALL OFF	settings		wave8 templates/groups	
DRAWING_BOUNDARY_ANNOTATION_DISPLAY_ON	DRAWING BOUNDARY ANNOTATION DISPLAY ON	settings		wave8 templates/groups	detailing style annotation display
DRAWING_BOUNDARY_ANNOTATION_DISPLAY_OFF	DRAWING BOUNDARY ANNOTATION DISPLAY OFF	settings		wave8 templates/groups	
DRAWING_BOUNDARY_BOUNDARY_DISPLAY_ON	DRAWING BOUNDARY BOUNDARY DISPLAY ON	settings		wave8 templates/groups	detailing style boundary display
DRAWING_BOUNDARY_BOUNDARY_DISPLAY_OFF	DRAWING BOUNDARY BOUNDARY DISPLAY OFF	settings		wave8 templates/groups	
SECTION_CALL_DISPLAY_ON	SECTION CALL DISPLAY ON	settings		wave8 templates/groups	section callout graphics display
SECTION_CALL_DISPLAY_OFF	SECTION CALL DISPLAY OFF	settings		wave8 templates/groups	
DETAIL_CALL_DISPLAY_ON	DETAIL CALL DISPLAY ON	settings		wave8 templates/groups	detail callout graphics display
DETAIL_CALL_DISPLAY_OFF	DETAIL CALL DISPLAY OFF	settings		wave8 templates/groups	
DETAILING_SYMBOL_DISPLAY_ON	DETAILING SYMBOL DISPLAY ON	settings		wave8 templates/groups	all detailing symbols display
DETAILING_SYMBOL_DISPLAY_OFF	DETAILING SYMBOL DISPLAY OFF	settings		wave8 templates/groups	
SET_SECTION_CALLOUTS_ON	SET SECTION CALLOUTS ON	settings		wave8 templates/groups	SET form of section callouts
SET_SECTION_CALLOUTS_OFF	SET SECTION CALLOUTS OFF	settings		wave8 templates/groups	
SET_DETAIL_CALLOUTS_ON	SET DETAIL CALLOUTS ON	settings		wave8 templates/groups	
SET_DETAIL_CALLOUTS_OFF	SET DETAIL CALLOUTS OFF	settings		wave8 templates/groups	
SHEET_INDEX_AUTO_ON	SHEET INDEX AUTO ON	settings		wave8 templates/groups	auto-update sheet index settings
SHEET_INDEX_AUTO_OFF	SHEET INDEX AUTO OFF	settings		wave8 templates/groups	
SHEET_INDEX_FOLDER_DISPLAY_ON	SHEET INDEX FOLDER DISPLAY ON	settings		wave8 templates/groups	sheet index folder tree display
SHEET_INDEX_FOLDER_DISPLAY_OFF	SHEET INDEX FOLDER DISPLAY OFF	settings		wave8 templates/groups	
NAMED_GROUP_CREATE	NAMED GROUP CREATE	tool		wave8 templates/groups	negative: create is interactive tool
GROUP_ADD	GROUP ADD	tool		wave8 templates/groups	negative: docs GROUP ADD tool
VIEW_CLIP_ICON	VIEW CLIP ICON	tool		wave8 templates/groups	negative: docs apply clip volume tool
VIEW_MASK_ICON	VIEW MASK ICON	tool		wave8 templates/groups	negative: docs apply clip mask tool
PLACE_DRAWING_BOUNDARY	PLACE DRAWING BOUNDARY	tool		wave8 templates/groups	negative: placement tool
TEMPLATE_DIALOG	TEMPLATE DIALOG	dialog		wave8 templates/groups	negative: docs TEMPLATE DIALOG
DIALOG_DETAILINGSYMBOLSTYLE_OPEN	DIALOG DETAILINGSYMBOLSTYLE OPEN	dialog		wave8 templates/groups	negative: docs dialog open
EXPORT_ELEMENT_TEMPLATES	EXPORT ELEMENT TEMPLATES	file		wave8 templates/groups	negative: file export not settings
