opName	keyin	kind	requiredParams	source	notes
DISPLAYSET_ON	DISPLAYSET ON	settings		wave8 seed	sparse displayset
DISPLAYSET_OFF	DISPLAYSET OFF	settings		wave8 seed	sparse displayset
DISPLAYSET_ADD	DISPLAYSET ADD	settings		wave8 seed	may need selection; probe OK vs hang
DISPLAYSET_REMOVE	DISPLAYSET REMOVE	settings		wave8 seed	
DISPLAYSET_CLEAR	DISPLAYSET CLEAR	settings		wave8 seed	
DISPLAYSET_INVERT	DISPLAYSET INVERT	settings		wave8 seed	
NAMED_GROUP_DISPLAY_ON	NAMED GROUP DISPLAY ON	settings		wave8 seed	
NAMED_GROUP_DISPLAY_OFF	NAMED GROUP DISPLAY OFF	settings		wave8 seed	
NAMED_GROUP_HILITE_ON	NAMED GROUP HILITE ON	settings		wave8 seed	
NAMED_GROUP_HILITE_OFF	NAMED GROUP HILITE OFF	settings		wave8 seed	
ELEMENT_TEMPLATE_ACTIVE_BYLEVEL	ELEMENT TEMPLATE ACTIVE BYLEVEL	settings		wave8 seed	element templates sparse
ELEMENT_TEMPLATE_ACTIVE_BYCOLOR	ELEMENT TEMPLATE ACTIVE BYCOLOR	settings		wave8 seed	
ELEMENT_TEMPLATE_ACTIVE_BYWEIGHT	ELEMENT TEMPLATE ACTIVE BYWEIGHT	settings		wave8 seed	
ELEMENT_TEMPLATE_ACTIVE_BYSTYLE	ELEMENT TEMPLATE ACTIVE BYSTYLE	settings		wave8 seed	
ELEMENT_TEMPLATE_ACTIVE_BYCLASS	ELEMENT TEMPLATE ACTIVE BYCLASS	settings		wave8 seed	
ELEMENT_TEMPLATE_ACTIVE_BYTRANSPARENCY	ELEMENT TEMPLATE ACTIVE BYTRANSPARENCY	settings		wave8 seed	
ELEMENT_TEMPLATE_ACTIVE_BYPRIORITY	ELEMENT TEMPLATE ACTIVE BYPRIORITY	settings		wave8 seed	
SET_ELEMENT_TEMPLATE_ON	SET ELEMENT TEMPLATE ON	settings		wave8 seed	
SET_ELEMENT_TEMPLATE_OFF	SET ELEMENT TEMPLATE OFF	settings		wave8 seed	
DWG_SAVE_ON	DWG SAVE ON	settings		wave8 seed	DWG settings sparse
DWG_SAVE_OFF	DWG SAVE OFF	settings		wave8 seed	
DWG_WORKMODE_ON	DWG WORKMODE ON	settings		wave8 seed	
DWG_WORKMODE_OFF	DWG WORKMODE OFF	settings		wave8 seed	
SET_DWG_ENTITY_HANDLES_ON	SET DWG ENTITY HANDLES ON	settings		wave8 seed	
SET_DWG_ENTITY_HANDLES_OFF	SET DWG ENTITY HANDLES OFF	settings		wave8 seed	
SET_DWG_PROXYGRAPHICS_ON	SET DWG PROXYGRAPHICS ON	settings		wave8 seed	
SET_DWG_PROXYGRAPHICS_OFF	SET DWG PROXYGRAPHICS OFF	settings		wave8 seed	
SET_DWG_OLELINKS_ON	SET DWG OLELINKS ON	settings		wave8 seed	
SET_DWG_OLELINKS_OFF	SET DWG OLELINKS OFF	settings		wave8 seed	
SHARED_CELL_DISPLAY_ON	SHARED CELL DISPLAY ON	settings		wave8 seed	
SHARED_CELL_DISPLAY_OFF	SHARED CELL DISPLAY OFF	settings		wave8 seed	
SET_SHARED_CELL_OVERRIDE_ON	SET SHARED CELL OVERRIDE ON	settings		wave8 seed	
SET_SHARED_CELL_OVERRIDE_OFF	SET SHARED CELL OVERRIDE OFF	settings		wave8 seed	
ACTIVE_CELL_RELATIVE_ON	ACTIVE CELL RELATIVE ON	settings		wave8 seed	
ACTIVE_CELL_RELATIVE_OFF	ACTIVE CELL RELATIVE OFF	settings		wave8 seed	
POINTCLOUD_DISPLAY_ON	POINTCLOUD DISPLAY ON	settings		wave8 seed	
POINTCLOUD_DISPLAY_OFF	POINTCLOUD DISPLAY OFF	settings		wave8 seed	
POINTCLOUD_SNAP_ON	POINTCLOUD SNAP ON	settings		wave8 seed	
POINTCLOUD_SNAP_OFF	POINTCLOUD SNAP OFF	settings		wave8 seed	
SET_POINTCLOUD_DENSITY_HIGH	SET POINTCLOUD DENSITY HIGH	settings		wave8 seed	
SET_POINTCLOUD_DENSITY_MEDIUM	SET POINTCLOUD DENSITY MEDIUM	settings		wave8 seed	
SET_POINTCLOUD_DENSITY_LOW	SET POINTCLOUD DENSITY LOW	settings		wave8 seed	
REALITYMESH_DISPLAY_ON	REALITYMESH DISPLAY ON	settings		wave8 seed	
REALITYMESH_DISPLAY_OFF	REALITYMESH DISPLAY OFF	settings		wave8 seed	
SET_REALITYMESH_ON	SET REALITYMESH ON	settings		wave8 seed	
SET_REALITYMESH_OFF	SET REALITYMESH OFF	settings		wave8 seed	
RASTER_DISPLAY_ON	RASTER DISPLAY ON	settings		wave8 seed	
RASTER_DISPLAY_OFF	RASTER DISPLAY OFF	settings		wave8 seed	
RASTER_SNAP_ON	RASTER SNAP ON	settings		wave8 seed	
RASTER_SNAP_OFF	RASTER SNAP OFF	settings		wave8 seed	
SET_RASTER_INVERT_ON	SET RASTER INVERT ON	settings		wave8 seed	
SET_RASTER_INVERT_OFF	SET RASTER INVERT OFF	settings		wave8 seed	
SET_RASTER_TRANSPARENCY_ON	SET RASTER TRANSPARENCY ON	settings		wave8 seed	
SET_RASTER_TRANSPARENCY_OFF	SET RASTER TRANSPARENCY OFF	settings		wave8 seed	
MARKUP_DISPLAY_ON	MARKUP DISPLAY ON	settings		wave8 seed	
MARKUP_DISPLAY_OFF	MARKUP DISPLAY OFF	settings		wave8 seed	
SET_MARKUP_ON	SET MARKUP ON	settings		wave8 seed	
SET_MARKUP_OFF	SET MARKUP OFF	settings		wave8 seed	
ANIMATION_PREVIEW_ON	ANIMATION PREVIEW ON	settings		wave8 seed	
ANIMATION_PREVIEW_OFF	ANIMATION PREVIEW OFF	settings		wave8 seed	
SET_ANIMATION_ON	SET ANIMATION ON	settings		wave8 seed	
SET_ANIMATION_OFF	SET ANIMATION OFF	settings		wave8 seed	
CAMERA_ON	CAMERA ON	view		wave8 seed	
CAMERA_OFF	CAMERA OFF	view		wave8 seed	
SET_CAMERA_ANGLE	SET CAMERA ANGLE	settings		wave8 seed	may need value
SET_CAMERA_POSITION	SET CAMERA POSITION	settings		wave8 seed	
LIGHTING_ON	LIGHTING ON	settings		wave8 seed	
LIGHTING_OFF	LIGHTING OFF	settings		wave8 seed	
SET_LIGHTING_ON	SET LIGHTING ON	settings		wave8 seed	
SET_LIGHTING_OFF	SET LIGHTING OFF	settings		wave8 seed	
MATERIAL_DISPLAY_ON	MATERIAL DISPLAY ON	settings		wave8 seed	
MATERIAL_DISPLAY_OFF	MATERIAL DISPLAY OFF	settings		wave8 seed	
SET_MATERIAL_ON	SET MATERIAL ON	settings		wave8 seed	
SET_MATERIAL_OFF	SET MATERIAL OFF	settings		wave8 seed	
DATABASE_LINKAGE_ON	DATABASE LINKAGE ON	settings		wave8 seed	
DATABASE_LINKAGE_OFF	DATABASE LINKAGE OFF	settings		wave8 seed	
SET_DATABASE_ON	SET DATABASE ON	settings		wave8 seed	
SET_DATABASE_OFF	SET DATABASE OFF	settings		wave8 seed	
REPORT_DISPLAY_ON	REPORT DISPLAY ON	settings		wave8 seed	
REPORT_DISPLAY_OFF	REPORT DISPLAY OFF	settings		wave8 seed	
IFC_DISPLAY_ON	IFC DISPLAY ON	settings		wave8 seed	
IFC_DISPLAY_OFF	IFC DISPLAY OFF	settings		wave8 seed	
SET_IFC_ON	SET IFC ON	settings		wave8 seed	
SET_IFC_OFF	SET IFC OFF	settings		wave8 seed	
BIM_DISPLAY_ON	BIM DISPLAY ON	settings		wave8 seed	
BIM_DISPLAY_OFF	BIM DISPLAY OFF	settings		wave8 seed	
WORKSET_PROPERTIES_REFRESH	WORKSET PROPERTIES REFRESH	settings		wave8 seed	
SET_WORKSET_ON	SET WORKSET ON	settings		wave8 seed	
SET_WORKSET_OFF	SET WORKSET OFF	settings		wave8 seed	
WORKSPACE_PREFS_SAVE	WORKSPACE PREFS SAVE	settings		wave8 seed	file-ish risk — kind may reclass
SECTION_CALLLOUTS_ON	SECTION CALLOUTS ON	settings		wave8 seed	
SECTION_CALLOUTS_OFF	SECTION CALLOUTS OFF	settings		wave8 seed	
DETAIL_CALLOUTS_ON	DETAIL CALLOUTS ON	settings		wave8 seed	
DETAIL_CALLOUTS_OFF	DETAIL CALLOUTS OFF	settings		wave8 seed	
DRAWING_BOUNDARY_DISPLAY_ON	DRAWING BOUNDARY DISPLAY ON	settings		wave8 seed	
DRAWING_BOUNDARY_DISPLAY_OFF	DRAWING BOUNDARY DISPLAY OFF	settings		wave8 seed	
NAMED_BOUNDARY_DISPLAY_ON	NAMED BOUNDARY DISPLAY ON	settings		wave8 seed	
NAMED_BOUNDARY_DISPLAY_OFF	NAMED BOUNDARY DISPLAY OFF	settings		wave8 seed	
CLIP_VOLUME_DISPLAY_ON	CLIP VOLUME DISPLAY ON	settings		wave8 seed	
CLIP_VOLUME_DISPLAY_OFF	CLIP VOLUME DISPLAY OFF	settings		wave8 seed	
CLIP_MASK_DISPLAY_ON	CLIP MASK DISPLAY ON	settings		wave8 seed	
CLIP_MASK_DISPLAY_OFF	CLIP MASK DISPLAY OFF	settings		wave8 seed	
SET_CLIP_VOLUME_ON	SET CLIP VOLUME ON	settings		wave8 seed	
SET_CLIP_VOLUME_OFF	SET CLIP VOLUME OFF	settings		wave8 seed	
VIEW_DISPLAYSET_ON	VIEW DISPLAYSET ON	view		wave8 seed	
VIEW_DISPLAYSET_OFF	VIEW DISPLAYSET OFF	view		wave8 seed	
VIEW_NAMEDGROUP_ON	VIEW NAMEDGROUP ON	view		wave8 seed	
VIEW_NAMEDGROUP_OFF	VIEW NAMEDGROUP OFF	view		wave8 seed	
VIEW_TRANSPARENCY_ON	VIEW TRANSPARENCY ON	view		wave8 seed	
VIEW_TRANSPARENCY_OFF	VIEW TRANSPARENCY OFF	view		wave8 seed	
SET_TRANSPARENCY_ON	SET TRANSPARENCY ON	settings		wave8 seed	
SET_TRANSPARENCY_OFF	SET TRANSPARENCY OFF	settings		wave8 seed	
ACTIVE_TRANSPARENCY_0	ACTIVE TRANSPARENCY 0	settings		wave8 seed	
ACTIVE_TRANSPARENCY_50	ACTIVE TRANSPARENCY 50	settings		wave8 seed	
ACTIVE_PRIORITY_0	ACTIVE PRIORITY 0	settings		wave8 seed	
ACTIVE_PRIORITY_100	ACTIVE PRIORITY 100	settings		wave8 seed	
ACTIVE_CLASS_PRIMARY	ACTIVE CLASS PRIMARY	settings		wave8 seed	
ACTIVE_CLASS_CONSTRUCTION	ACTIVE CLASS CONSTRUCTION	settings		wave8 seed	
SET_PRIORITY_ON	SET PRIORITY ON	settings		wave8 seed	
SET_PRIORITY_OFF	SET PRIORITY OFF	settings		wave8 seed	
SET_CLASS_ON	SET CLASS ON	settings		wave8 seed	
SET_CLASS_OFF	SET CLASS OFF	settings		wave8 seed	
ITEMTYPE_DISPLAY_ON	ITEMTYPE DISPLAY ON	settings		wave8 seed	
ITEMTYPE_DISPLAY_OFF	ITEMTYPE DISPLAY OFF	settings		wave8 seed	
SET_ITEMTYPE_ON	SET ITEMTYPE ON	settings		wave8 seed	
SET_ITEMTYPE_OFF	SET ITEMTYPE OFF	settings		wave8 seed	
TAG_DISPLAY_ON	TAG DISPLAY ON	settings		wave8 seed	
TAG_DISPLAY_OFF	TAG DISPLAY OFF	settings		wave8 seed	
SET_TAGS_ON	SET TAGS ON	settings		wave8 seed	
SET_TAGS_OFF	SET TAGS OFF	settings		wave8 seed	
GEOGRAPHIC_DISPLAY_ON	GEOGRAPHIC DISPLAY ON	settings		wave8 seed	
GEOGRAPHIC_DISPLAY_OFF	GEOGRAPHIC DISPLAY OFF	settings		wave8 seed	
SET_GEOGRAPHIC_ON	SET GEOGRAPHIC ON	settings		wave8 seed	
SET_GEOGRAPHIC_OFF	SET GEOGRAPHIC OFF	settings		wave8 seed	
ACS_DISPLAY_ON	ACS DISPLAY ON	settings		wave8 seed	
ACS_DISPLAY_OFF	ACS DISPLAY OFF	settings		wave8 seed	
UOR_READOUT_ON	UOR READOUT ON	settings		wave8 seed	
UOR_READOUT_OFF	UOR READOUT OFF	settings		wave8 seed	
COORDINATE_READOUT_UOR	COORDINATE READOUT UOR	settings		wave8 seed	
COORDINATE_READOUT_MASTER	COORDINATE READOUT MASTER	settings		wave8 seed	
COORDINATE_READOUT_SUB	COORDINATE READOUT SUB	settings		wave8 seed	
SET_INPUT_FOCUS_HOME	SET INPUT FOCUS HOME	settings		wave8 seed	
SET_INPUT_FOCUS_KEYIN	SET INPUT FOCUS KEYIN	settings		wave8 seed	
DIGITIZER_ON	DIGITIZER ON	lock		wave8 seed	
DIGITIZER_OFF	DIGITIZER OFF	lock		wave8 seed	
LOCK_DIGITIZER_ON	LOCK DIGITIZER ON	lock		wave8 seed	
LOCK_DIGITIZER_OFF	LOCK DIGITIZER OFF	lock		wave8 seed	
PARAMETRIC_UPDATE_ON	PARAMETRIC UPDATE ON	settings		wave8 seed	
PARAMETRIC_UPDATE_OFF	PARAMETRIC UPDATE OFF	settings		wave8 seed	
CONSTRAINTS_DISPLAY_ON	CONSTRAINTS DISPLAY ON	settings		wave8 seed	
CONSTRAINTS_DISPLAY_OFF	CONSTRAINTS DISPLAY OFF	settings		wave8 seed	
VARIABLES_DISPLAY_ON	VARIABLES DISPLAY ON	settings		wave8 seed	
VARIABLES_DISPLAY_OFF	VARIABLES DISPLAY OFF	settings		wave8 seed	
SET_CONSTRAINTS_ON	SET CONSTRAINTS ON	settings		wave8 seed	
SET_CONSTRAINTS_OFF	SET CONSTRAINTS OFF	settings		wave8 seed	
SAVED_VIEW_APPLY_LEVELS_ON	SAVED VIEW APPLY LEVELS ON	settings		wave8 seed	
SAVED_VIEW_APPLY_LEVELS_OFF	SAVED VIEW APPLY LEVELS OFF	settings		wave8 seed	
SAVED_VIEW_APPLY_CLIP_ON	SAVED VIEW APPLY CLIP ON	settings		wave8 seed	
SAVED_VIEW_APPLY_CLIP_OFF	SAVED VIEW APPLY CLIP OFF	settings		wave8 seed	
VIEW_GROUP_APPLY_ON	VIEW GROUP APPLY ON	view		wave8 seed	
VIEW_GROUP_APPLY_OFF	VIEW GROUP APPLY OFF	view		wave8 seed	
SHEET_INDEX_DISPLAY_ON	SHEET INDEX DISPLAY ON	settings		wave8 seed	
SHEET_INDEX_DISPLAY_OFF	SHEET INDEX DISPLAY OFF	settings		wave8 seed	
ANNOTATION_SCALE_LOCK_ON	ANNOTATION SCALE LOCK ON	lock		wave8 seed	
ANNOTATION_SCALE_LOCK_OFF	ANNOTATION SCALE LOCK OFF	lock		wave8 seed	
LOCK_ANNOTATION_SCALE_ON	LOCK ANNOTATION SCALE ON	lock		wave8 seed	
LOCK_ANNOTATION_SCALE_OFF	LOCK ANNOTATION SCALE OFF	lock		wave8 seed	
ACTIVE_ANNOTATION_SCALE_FULL_SIZE	ACTIVE ANNOTATION SCALE FULL SIZE	settings		wave8 seed	
ACTIVE_ANNOTATION_SCALE_1_10	ACTIVE ANNOTATION SCALE 1:10	settings		wave8 seed	
ACTIVE_ANNOTATION_SCALE_1_20	ACTIVE ANNOTATION SCALE 1:20	settings		wave8 seed	
ACTIVE_ANNOTATION_SCALE_1_50	ACTIVE ANNOTATION SCALE 1:50	settings		wave8 seed	
TEXT_STYLE_OVERRIDE_ON	TEXT STYLE OVERRIDE ON	settings		wave8 seed	
TEXT_STYLE_OVERRIDE_OFF	TEXT STYLE OVERRIDE OFF	settings		wave8 seed	
DIMENSION_STYLE_OVERRIDE_ON	DIMENSION STYLE OVERRIDE ON	settings		wave8 seed	
DIMENSION_STYLE_OVERRIDE_OFF	DIMENSION STYLE OVERRIDE OFF	settings		wave8 seed	
SET_ASSOCIATION_ON	SET ASSOCIATION ON	settings		wave8 seed	
SET_ASSOCIATION_OFF	SET ASSOCIATION OFF	settings		wave8 seed	
LOCK_ASSOCIATION_ON	LOCK ASSOCIATION ON	lock		wave8 seed	
LOCK_ASSOCIATION_OFF	LOCK ASSOCIATION OFF	lock		wave8 seed	
FENCE_CLIP_MODE_INSIDE	FENCE CLIP MODE INSIDE	settings		wave8 seed	
FENCE_CLIP_MODE_OUTSIDE	FENCE CLIP MODE OUTSIDE	settings		wave8 seed	
FENCE_CLIP_MODE_OVERLAP	FENCE CLIP MODE OVERLAP	settings		wave8 seed	
FENCE_CLIP_MODE_CLIP	FENCE CLIP MODE CLIP	settings		wave8 seed	
SET_FENCE_CLIP_ON	SET FENCE CLIP ON	settings		wave8 seed	
SET_FENCE_CLIP_OFF	SET FENCE CLIP OFF	settings		wave8 seed	
REFERENCE_NESTING_DISPLAY_ON	REFERENCE NESTING DISPLAY ON	settings		wave8 seed	
REFERENCE_NESTING_DISPLAY_OFF	REFERENCE NESTING DISPLAY OFF	settings		wave8 seed	
REFERENCE_BOUNDARIES_ON	REFERENCE BOUNDARIES ON	settings		wave8 seed	
REFERENCE_BOUNDARIES_OFF	REFERENCE BOUNDARIES OFF	settings		wave8 seed	
LEVEL_FILTERS_ON	LEVEL FILTERS ON	settings		wave8 seed	
LEVEL_FILTERS_OFF	LEVEL FILTERS OFF	settings		wave8 seed	
LEVEL_OVERRIDE_SYMBOLOGY_ON	LEVEL OVERRIDE SYMBOLOGY ON	settings		wave8 seed	
LEVEL_OVERRIDE_SYMBOLOGY_OFF	LEVEL OVERRIDE SYMBOLOGY OFF	settings		wave8 seed	
ACCUDRAW_COORDINATE_SYSTEM_RECTANGULAR	ACCUDRAW COORDINATE SYSTEM RECTANGULAR	settings		wave8 seed	
ACCUDRAW_COORDINATE_SYSTEM_POLAR	ACCUDRAW COORDINATE SYSTEM POLAR	settings		wave8 seed	
ACCUDRAW_COORDINATE_SYSTEM_CYLINDRICAL	ACCUDRAW COORDINATE SYSTEM CYLINDRICAL	settings		wave8 seed	
ACCUDRAW_COORDINATE_SYSTEM_SPHERICAL	ACCUDRAW COORDINATE SYSTEM SPHERICAL	settings		wave8 seed	
SET_PATTERN_ASSOCIATIVE_ON	SET PATTERN ASSOCIATIVE ON	settings		wave8 seed	
SET_PATTERN_ASSOCIATIVE_OFF	SET PATTERN ASSOCIATIVE OFF	settings		wave8 seed	
SET_HATCH_ASSOCIATIVE_ON	SET HATCH ASSOCIATIVE ON	settings		wave8 seed	
SET_HATCH_ASSOCIATIVE_OFF	SET HATCH ASSOCIATIVE OFF	settings		wave8 seed	
ACTIVE_PATTERN_CELL_SCALE_1	ACTIVE PATTERN CELL SCALE 1	settings		wave8 seed	
ACTIVE_PATTERN_ANGLE_0	ACTIVE PATTERN ANGLE 0	settings		wave8 seed	
ACTIVE_PATTERN_ANGLE_45	ACTIVE PATTERN ANGLE 45	settings		wave8 seed	
ACTIVE_HATCH_ANGLE_0	ACTIVE HATCH ANGLE 0	settings		wave8 seed	
ACTIVE_HATCH_ANGLE_45	ACTIVE HATCH ANGLE 45	settings		wave8 seed	
ACTIVE_HATCH_SPACING_1	ACTIVE HATCH SPACING 1	settings		wave8 seed	
MESH_DISPLAY_ON	MESH DISPLAY ON	settings		wave8 seed	
MESH_DISPLAY_OFF	MESH DISPLAY OFF	settings		wave8 seed	
SET_MESH_FACETS_ON	SET MESH FACETS ON	settings		wave8 seed	
SET_MESH_FACETS_OFF	SET MESH FACETS OFF	settings		wave8 seed	
SOLID_DISPLAY_ON	SOLID DISPLAY ON	settings		wave8 seed	
SOLID_DISPLAY_OFF	SOLID DISPLAY OFF	settings		wave8 seed	
FEATURE_SOLID_DISPLAY_ON	FEATURE SOLID DISPLAY ON	settings		wave8 seed	
FEATURE_SOLID_DISPLAY_OFF	FEATURE SOLID DISPLAY OFF	settings		wave8 seed	
SET_FEATURE_SOLIDS_ON	SET FEATURE SOLIDS ON	settings		wave8 seed	
SET_FEATURE_SOLIDS_OFF	SET FEATURE SOLIDS OFF	settings		wave8 seed	
EXPORT_VISIBLE_EDGES_ON	EXPORT VISIBLE EDGES ON	settings		wave8 seed	export settings — not execute export
EXPORT_VISIBLE_EDGES_OFF	EXPORT VISIBLE EDGES OFF	settings		wave8 seed	
SET_EXPORT_2D_ON	SET EXPORT 2D ON	settings		wave8 seed	
SET_EXPORT_2D_OFF	SET EXPORT 2D OFF	settings		wave8 seed	
PDF_EMBED_FONTS_ON	PDF EMBED FONTS ON	settings		wave8 seed	
PDF_EMBED_FONTS_OFF	PDF EMBED FONTS OFF	settings		wave8 seed	
PDF_LAYERS_ON	PDF LAYERS ON	settings		wave8 seed	
PDF_LAYERS_OFF	PDF LAYERS OFF	settings		wave8 seed	
PRINT_RASTERIZED_ON	PRINT RASTERIZED ON	settings		wave8 seed	toggle only
PRINT_RASTERIZED_OFF	PRINT RASTERIZED OFF	settings		wave8 seed	
PRINT_BORDER_ON	PRINT BORDER ON	settings		wave8 seed	
PRINT_BORDER_OFF	PRINT BORDER OFF	settings		wave8 seed	
PRINT_BROKEN_ASSOCIATIONS_ON	PRINT BROKEN ASSOCIATIONS ON	settings		wave8 seed	
PRINT_BROKEN_ASSOCIATIONS_OFF	PRINT BROKEN ASSOCIATIONS OFF	settings		wave8 seed	
PUBLISHDGN_RIGHT_CLICK_MENU_ON	PUBLISHDGN RIGHT CLICK MENU ON	settings		wave8 seed	
PUBLISHDGN_RIGHT_CLICK_MENU_OFF	PUBLISHDGN RIGHT CLICK MENU OFF	settings		wave8 seed	
PLACE_LINE_CONSTRAINED	PLACE LINE CONSTRAINED	tool		wave8 seed	negative control
PLACE_SHAPE_CONSTRAINED	PLACE SHAPE CONSTRAINED	tool		wave8 seed	negative
DIALOG_ELEMENT_TEMPLATES	DIALOG ELEMENT TEMPLATES	dialog		wave8 seed	negative
DIALOG_NAMED_GROUPS	DIALOG NAMED GROUPS	dialog		wave8 seed	negative
DIALOG_DISPLAYSET	DIALOG DISPLAYSET	dialog		wave8 seed	negative
DIALOG_ITEM_TYPES	DIALOG ITEM TYPES	dialog		wave8 seed	negative
DIALOG_PROJECTWISE	DIALOG PROJECTWISE	dialog		wave8 seed	negative
FILEOPEN	FILEOPEN	file		wave8 seed	negative
COMPRESS_DESIGN	COMPRESS DESIGN	file		wave8 seed	negative
SAVE_DESIGN_AS	SAVE DESIGN AS	file		wave8 seed	negative
PROJECTWISE_CHECKOUT	PROJECTWISE CHECKOUT	file		wave8 seed	negative never probe
PROJECTWISE_CHECKIN	PROJECTWISE CHECKIN	file		wave8 seed	negative
IFC_EXPORT	IFC EXPORT	file		wave8 seed	negative
IFC_IMPORT	IFC IMPORT	file		wave8 seed	negative
DWG_EXPORT	DWG EXPORT	file		wave8 seed	negative
DWG_IMPORT	DWG IMPORT	file		wave8 seed	negative
